common.topic	common.topic.article	common.document
common.topic	common.topic.webpage	common.webpage
common.webpage	common.webpage.topic	common.topic
user.alexander.misc.murdered_person	user.alexander.misc.murdered_person.place_murdered	location.location
user.alust.default_domain.processed_with_review_queue	user.alust.default_domain.processed_with_review_queue.question_id	type.rawstring
user.avh.default_domain.ellerdale_topic	user.avh.default_domain.ellerdale_topic.ellerdale_id	type.enumeration
user.brendan.default_domain.top_architectural_city	user.brendan.default_domain.top_architectural_city.structure_count	type.int
user.chriseppstein.default_domain.relation	user.chriseppstein.default_domain.relation.gender	people.gender
user.dylanrocks.national_football_league.super_bowl_site	user.dylanrocks.national_football_league.super_bowl_site.super_bowl	american_football.super_bowl
user.hangy.default_domain.sports_team_gender	user.hangy.default_domain.sports_team_gender.gender	people.gender
user.juniorbonner.default_domain.capital_city	user.juniorbonner.default_domain.capital_city.capital_of	location.country
user.ktrueman.default_domain.international_organization	user.ktrueman.default_domain.international_organization.mailing_address	location.mailing_address
user.maxim75.default_domain.dbpedia_import	user.maxim75.default_domain.dbpedia_import.geocode_checked	type.datetime
user.narphorium.people.nndb_person	user.narphorium.people.nndb_person.nndb_id	type.enumeration
user.robert.Politics.politician	user.robert.Politics.politician.political_party	government.political_party
user.robert.default_domain.typewriter_blurb_highlight	user.robert.default_domain.typewriter_blurb_highlight.type_to_highlight	type.type
user.robert.military.military_person	user.robert.military.military_person.allegiance	user.robert.military.military_power
user.robert.military.military_person	user.robert.military.military_person.participated_in_conflicts	military.military_conflict
user.robert.roman_empire.roman_emperor	user.robert.roman_empire.roman_emperor.emperor_of	user.robert.roman_empire.roman_region
user.robert.roman_empire.roman_emperor	user.robert.roman_empire.roman_emperor.from	type.datetime
user.robert.roman_empire.roman_emperor	user.robert.roman_empire.roman_emperor.to	type.datetime
user.robert.roman_empire.roman_region	user.robert.roman_empire.roman_region.emperors	user.robert.roman_empire.roman_emperor
user.robert.topic_view.primary_type_holder	user.robert.topic_view.primary_type_holder.primary_type	type.type
user.szaijan.fantasy_football.player	user.szaijan.fantasy_football.player.nfl_team	american_football.football_team
